{"cameraMode":{"drawMode":0,"name":"Shaded","section":"Shading Mode"},"sceneLighting":true,"audioPlay":false,"sceneViewState":{"showFog":true,"showMaterialUpdate":false,"showSkybox":true,"showFlares":true,"showImageEffects":true,"showParticleSystems":true,"showVisualEffectGraphs":true,"m_FxEnabled":true},"in2DMode":false,"pivot":{"x":-1.2463059425354005,"y":0.21085628867149354,"z":2.7951948642730715},"rotation":{"x":-0.022179117426276208,"y":0.05094879865646362,"z":-0.001130555639974773,"w":-0.9984616041183472},"size":3.114142894744873,"orthographic":false}