{"cameraMode":{"drawMode":0,"name":"Shaded","section":"Shading Mode"},"sceneLighting":true,"audioPlay":false,"sceneViewState":{"showFog":true,"showMaterialUpdate":false,"showSkybox":true,"showFlares":true,"showImageEffects":true,"showParticleSystems":true,"showVisualEffectGraphs":true,"m_FxEnabled":true},"in2DMode":false,"pivot":{"x":3.767256736755371,"y":0.3478401303291321,"z":-7.047974109649658},"rotation":{"x":-0.0027095170225948097,"y":-0.007516790647059679,"z":0.000022203412299859338,"w":-0.9999757409095764},"size":3.114142894744873,"orthographic":false}