{"cameraMode":{"drawMode":0,"name":"Shaded","section":"Shading Mode"},"sceneLighting":false,"audioPlay":false,"sceneViewState":{"showFog":true,"showMaterialUpdate":false,"showSkybox":false,"showFlares":true,"showImageEffects":true,"showParticleSystems":true,"showVisualEffectGraphs":true,"m_FxEnabled":true},"in2DMode":false,"pivot":{"x":-0.22000634670257569,"y":0.2643744945526123,"z":-0.776806652545929},"rotation":{"x":-0.022179117426276208,"y":0.05094879865646362,"z":-0.001130555639974773,"w":-0.9984616041183472},"size":0.7141428589820862,"orthographic":false}